-- MySQL Script generated by MySQL Workbench
-- Fri Sep 11 17:05:37 2020
-- Model: New Model    Version: 1.0
-- MySQL Workbench Forward Engineering

SET @OLD_UNIQUE_CHECKS=@@UNIQUE_CHECKS, UNIQUE_CHECKS=0;
SET @OLD_FOREIGN_KEY_CHECKS=@@FOREIGN_KEY_CHECKS, FOREIGN_KEY_CHECKS=0;
SET @OLD_SQL_MODE=@@SQL_MODE, SQL_MODE='ONLY_FULL_GROUP_BY,STRICT_TRANS_TABLES,NO_ZERO_IN_DATE,NO_ZERO_DATE,ERROR_FOR_DIVISION_BY_ZERO,NO_ENGINE_SUBSTITUTION';

-- -----------------------------------------------------
-- Schema mydb
-- -----------------------------------------------------

-- -----------------------------------------------------
-- Schema mydb
-- -----------------------------------------------------
CREATE SCHEMA IF NOT EXISTS `mydb` DEFAULT CHARACTER SET utf8 ;
USE `mydb` ;

-- -----------------------------------------------------
-- Table `mydb`.`dishes`
-- -----------------------------------------------------
CREATE TABLE IF NOT EXISTS `mydb`.`dishes` (
  `id` INT NOT NULL AUTO_INCREMENT,
  `name` VARCHAR(45) NOT NULL,
  `description` MEDIUMTEXT NULL,
  `type` VARCHAR(45) NOT NULL,
  `price` DECIMAL(2) NOT NULL,
  `stock` INT NOT NULL,
  `date` DATE NOT NULL,
  PRIMARY KEY (`id`),
  UNIQUE INDEX `id_UNIQUE` (`id` ASC) VISIBLE)
ENGINE = InnoDB
ROW_FORMAT = DYNAMIC;


-- -----------------------------------------------------
-- Table `mydb`.`clients`
-- -----------------------------------------------------
CREATE TABLE IF NOT EXISTS `mydb`.`clients` (
  `id` INT NOT NULL AUTO_INCREMENT,
  `first_name` VARCHAR(45) NOT NULL,
  `last_name` VARCHAR(45) NULL,
  `address` MEDIUMTEXT NOT NULL,
  `email` VARCHAR(45) NOT NULL,
  `phone` VARCHAR(13) NOT NULL,
  PRIMARY KEY (`id`),
  UNIQUE INDEX `id_UNIQUE` (`id` ASC) VISIBLE,
  UNIQUE INDEX `email_UNIQUE` (`email` ASC) VISIBLE,
  UNIQUE INDEX `phone_UNIQUE` (`phone` ASC) VISIBLE)
ENGINE = InnoDB;


-- -----------------------------------------------------
-- Table `mydb`.`deliverers`
-- -----------------------------------------------------
CREATE TABLE IF NOT EXISTS `mydb`.`deliverers` (
  `id` INT NOT NULL AUTO_INCREMENT,
  `first_name` VARCHAR(45) NULL,
  `last_name` VARCHAR(45) NULL,
  `bike_number` VARCHAR(45) NOT NULL,
  `phone` VARCHAR(13) NOT NULL,
  `status` VARCHAR(45) NOT NULL,
  PRIMARY KEY (`id`),
  UNIQUE INDEX `id_UNIQUE` (`id` ASC) VISIBLE)
ENGINE = InnoDB;


-- -----------------------------------------------------
-- Table `mydb`.`orders`
-- -----------------------------------------------------
CREATE TABLE IF NOT EXISTS `mydb`.`orders` (
  `id` INT NOT NULL AUTO_INCREMENT,
  `client_id` INT NOT NULL,
  `deliverer_id` INT NOT NULL,
  `order_date` DATE NOT NULL,
  `order_time` DATETIME NOT NULL,
  PRIMARY KEY (`id`),
  UNIQUE INDEX `id_UNIQUE` (`id` ASC) VISIBLE,
  INDEX `client_id_idx` (`client_id` ASC) VISIBLE,
  INDEX `deliverer_id_idx` (`deliverer_id` ASC) VISIBLE,
  CONSTRAINT `client_id`
    FOREIGN KEY (`client_id`)
    REFERENCES `mydb`.`clients` (`id`)
    ON DELETE RESTRICT
    ON UPDATE RESTRICT,
  CONSTRAINT `deliverer_id`
    FOREIGN KEY (`deliverer_id`)
    REFERENCES `mydb`.`deliverers` (`id`)
    ON DELETE RESTRICT
    ON UPDATE RESTRICT)
ENGINE = InnoDB;


-- -----------------------------------------------------
-- Table `mydb`.`order_quantities`
-- -----------------------------------------------------
CREATE TABLE IF NOT EXISTS `mydb`.`order_quantities` (
  `order_id` INT NOT NULL AUTO_INCREMENT,
  `dish_id` INT NOT NULL,
  `quantity` INT NOT NULL,
  INDEX `order_id_idx` (`order_id` ASC) VISIBLE,
  INDEX `dish_id_idx` (`dish_id` ASC) VISIBLE,
  CONSTRAINT `order_id`
    FOREIGN KEY (`order_id`)
    REFERENCES `mydb`.`orders` (`id`)
    ON DELETE RESTRICT
    ON UPDATE RESTRICT,
  CONSTRAINT `dish_id`
    FOREIGN KEY (`dish_id`)
    REFERENCES `mydb`.`dishes` (`id`)
    ON DELETE RESTRICT
    ON UPDATE RESTRICT)
ENGINE = InnoDB
PACK_KEYS = DEFAULT
ROW_FORMAT = DEFAULT;


SET SQL_MODE=@OLD_SQL_MODE;
SET FOREIGN_KEY_CHECKS=@OLD_FOREIGN_KEY_CHECKS;
SET UNIQUE_CHECKS=@OLD_UNIQUE_CHECKS;

-- -----------------------------------------------------
-- Data for table `mydb`.`dishes`
-- -----------------------------------------------------
START TRANSACTION;
USE `mydb`;
INSERT INTO `mydb`.`dishes` (`id`, `name`, `description`, `type`, `price`, `stock`, `date`) VALUES (1, 'pizza', 'dish', 'main', 5, 100, '2020-08-11');
INSERT INTO `mydb`.`dishes` (`id`, `name`, `description`, `type`, `price`, `stock`, `date`) VALUES (2, 'fry_chicken', 'dish', 'main', 20, 300, '2020-08-11');
INSERT INTO `mydb`.`dishes` (`id`, `name`, `description`, `type`, `price`, `stock`, `date`) VALUES (3, 'hamburger', 'dish', 'main', 5, 200, '2020-08-11');
INSERT INTO `mydb`.`dishes` (`id`, `name`, `description`, `type`, `price`, `stock`, `date`) VALUES (4, 'french_salad', 'dish', 'dessert', 15, 75, '2020-08-11');
INSERT INTO `mydb`.`dishes` (`id`, `name`, `description`, `type`, `price`, `stock`, `date`) VALUES (5, 'juices', 'juice', 'drinks', 6, 300, '2020-08-11');
INSERT INTO `mydb`.`dishes` (`id`, `name`, `description`, `type`, `price`, `stock`, `date`) VALUES (6, 'whine', 'alcoohol', 'drinks', 20, 50, '2020-08-11');
INSERT INTO `mydb`.`dishes` (`id`, `name`, `description`, `type`, `price`, `stock`, `date`) VALUES (7, 'whisky', 'alcoohol', 'drinks', 30, 50, '2020-08-11');
INSERT INTO `mydb`.`dishes` (`id`, `name`, `description`, `type`, `price`, `stock`, `date`) VALUES (8, 'fruits', 'fruits', 'dessert', 2, 300, '2020-08-11');
INSERT INTO `mydb`.`dishes` (`id`, `name`, `description`, `type`, `price`, `stock`, `date`) VALUES (9, 'beef', 'dish', 'main', 30, 100, '2020-08-11');
INSERT INTO `mydb`.`dishes` (`id`, `name`, `description`, `type`, `price`, `stock`, `date`) VALUES (10, 'bred', 'dish', 'extra', 2, 100, '2020-08-11');
INSERT INTO `mydb`.`dishes` (`id`, `name`, `description`, `type`, `price`, `stock`, `date`) VALUES (11, 'cheese', 'dish', 'extra', 5, 25, '2020-08-11');
INSERT INTO `mydb`.`dishes` (`id`, `name`, `description`, `type`, `price`, `stock`, `date`) VALUES (12, 'fry_fish', 'dish', 'main', 20, 100, '2020-08-11');

COMMIT;


-- -----------------------------------------------------
-- Data for table `mydb`.`clients`
-- -----------------------------------------------------
START TRANSACTION;
USE `mydb`;
INSERT INTO `mydb`.`clients` (`id`, `first_name`, `last_name`, `address`, `email`, `phone`) VALUES (1, 'John', 'Smith', '2 Japoma Avenue', 'johnsmith@gmail.com', '699084365');
INSERT INTO `mydb`.`clients` (`id`, `first_name`, `last_name`, `address`, `email`, `phone`) VALUES (2, 'John', 'Wick', '4 Hollywood Boulevard', 'johnwick@gmail.com', '677426426');
INSERT INTO `mydb`.`clients` (`id`, `first_name`, `last_name`, `address`, `email`, `phone`) VALUES (3, 'Sarah', 'Connor', '3 Liberty Boulevard', 'sarahconnor@gmail.com', '673434674');
INSERT INTO `mydb`.`clients` (`id`, `first_name`, `last_name`, `address`, `email`, `phone`) VALUES (4, 'John', 'Connor', '3 Liberty Boulevard', 'johnconnor@gmail.com', '655372822');
INSERT INTO `mydb`.`clients` (`id`, `first_name`, `last_name`, `address`, `email`, `phone`) VALUES (5, 'Tyler', 'Smith', '5 Grand Avenue', 't_smith@outlook.com', '653443772');
INSERT INTO `mydb`.`clients` (`id`, `first_name`, `last_name`, `address`, `email`, `phone`) VALUES (6, 'Kingsley', 'Coman', '4 Grand Avenue', 'kingsleycoman@outlook.com', '633356563');
INSERT INTO `mydb`.`clients` (`id`, `first_name`, `last_name`, `address`, `email`, `phone`) VALUES (7, 'John', 'Munsk', '2 Japoma Avenue', 'j_munsk@gmail.com', '655433661');
INSERT INTO `mydb`.`clients` (`id`, `first_name`, `last_name`, `address`, `email`, `phone`) VALUES (8, 'Mike', 'Edwards', '12 Main Street', 'm_edwards@yahoo.com', '676225575');

COMMIT;


-- -----------------------------------------------------
-- Data for table `mydb`.`deliverers`
-- -----------------------------------------------------
START TRANSACTION;
USE `mydb`;
INSERT INTO `mydb`.`deliverers` (`id`, `first_name`, `last_name`, `bike_number`, `phone`, `status`) VALUES (1, 'Jason', 'Williams', '1', '687282662', 'delivered');
INSERT INTO `mydb`.`deliverers` (`id`, `first_name`, `last_name`, `bike_number`, `phone`, `status`) VALUES (2, 'John', 'Doe', '2', '693837826', 'undelivered');
INSERT INTO `mydb`.`deliverers` (`id`, `first_name`, `last_name`, `bike_number`, `phone`, `status`) VALUES (3, 'Phill', 'Banks', '3', '672272899', 'in process');
INSERT INTO `mydb`.`deliverers` (`id`, `first_name`, `last_name`, `bike_number`, `phone`, `status`) VALUES (4, 'Alfonso', 'Davies', '4', '659376332', 'delivered');

COMMIT;


-- -----------------------------------------------------
-- Data for table `mydb`.`orders`
-- -----------------------------------------------------
START TRANSACTION;
USE `mydb`;
INSERT INTO `mydb`.`orders` (`id`, `client_id`, `deliverer_id`, `order_date`, `order_time`) VALUES (1, 1, 1, '2020-08-11', '2020-08-11 14:23:12');
INSERT INTO `mydb`.`orders` (`id`, `client_id`, `deliverer_id`, `order_date`, `order_time`) VALUES (2, 2, 2, '2020-08-11', '2020-08-11 14:24:30');
INSERT INTO `mydb`.`orders` (`id`, `client_id`, `deliverer_id`, `order_date`, `order_time`) VALUES (3, 3, 3, '2020-08-11', '2020-08-11 14:24:31');
INSERT INTO `mydb`.`orders` (`id`, `client_id`, `deliverer_id`, `order_date`, `order_time`) VALUES (4, 4, 3, '2020-08-11', '2020-08-11 14:24:31');

COMMIT;


-- -----------------------------------------------------
-- Data for table `mydb`.`order_quantities`
-- -----------------------------------------------------
START TRANSACTION;
USE `mydb`;
INSERT INTO `mydb`.`order_quantities` (`order_id`, `dish_id`, `quantity`) VALUES (1, 1, 4);
INSERT INTO `mydb`.`order_quantities` (`order_id`, `dish_id`, `quantity`) VALUES (2, 2, 5);
INSERT INTO `mydb`.`order_quantities` (`order_id`, `dish_id`, `quantity`) VALUES (3, 1, 3);
INSERT INTO `mydb`.`order_quantities` (`order_id`, `dish_id`, `quantity`) VALUES (4, 1, 2);
INSERT INTO `mydb`.`order_quantities` (`order_id`, `dish_id`, `quantity`) VALUES (5, 4, 3);

COMMIT;

